{"Counters":{"PollCount":37},"Gauges":{"Alloc":1537424,"BuckHashSys":3275,"Frees":41668,"GCCPUFraction":0.00005573675341395491,"GCSys":2396680,"HeapAlloc":1537424,"HeapIdle":5218304,"HeapInuse":2400256,"HeapObjects":1178,"HeapReleased":2957312,"HeapSys":7618560,"LastGC":1747905099669752000,"Lookups":0,"MCacheInuse":19200,"MCacheSys":31200,"MSpanInuse":119840,"MSpanSys":130560,"Mallocs":42846,"NextGC":4194304,"NumForcedGC":0,"NumGC":88,"OtherSys":1607005,"PauseTotalNs":3241278,"RandomValue":5.167109127521203e+37,"StackInuse":753664,"StackSys":753664,"Sys":12540944,"TotalAlloc":228879464}}
